,Name,Quantity,Date,Cost,Order ID,Merchant_ID
0,Rise and Shine,1.0,2018-03-25T15:37:47Z,1245,veRSLHBsofJmR5GwGGDE4wMF,E5PYWY39PNHTN
1,Small Fry,1.0,2018-03-25T15:37:47Z,445,veRSLHBsofJmR5GwGGDE4wMF,E5PYWY39PNHTN
2,Gobbler,1.0,2018-03-25T15:44:41Z,1045,zDvzbsdP2wfJY03wfpVpozMF,E5PYWY39PNHTN
3,Oinking Cow,1.0,2018-03-25T15:44:41Z,995,zDvzbsdP2wfJY03wfpVpozMF,E5PYWY39PNHTN
4,Smashed Grilled Cheese ,1.0,2018-03-25T15:44:41Z,545,zDvzbsdP2wfJY03wfpVpozMF,E5PYWY39PNHTN
5,Small Fry,1.0,2018-03-25T15:44:41Z,445,zDvzbsdP2wfJY03wfpVpozMF,E5PYWY39PNHTN
6,Dr. Pepper,1.0,2018-03-25T15:44:41Z,200,zDvzbsdP2wfJY03wfpVpozMF,E5PYWY39PNHTN
7,Water Bottle,1.0,2018-03-25T15:44:41Z,200,zDvzbsdP2wfJY03wfpVpozMF,E5PYWY39PNHTN
8,Coca Cola,1.0,2018-03-25T15:45:58Z,200,UQTUuFL5fubUPxL4GpracwMF,E5PYWY39PNHTN
9,Gobbler,1.0,2018-03-25T15:54:46Z,1045,JiPnHDyRjKJ6mb65Tzo9ctMF,E5PYWY39PNHTN
10,19 W Cheeseburger,1.0,2018-03-25T15:54:46Z,745,JiPnHDyRjKJ6mb65Tzo9ctMF,E5PYWY39PNHTN
11,Small Fry,1.0,2018-03-25T15:54:46Z,445,JiPnHDyRjKJ6mb65Tzo9ctMF,E5PYWY39PNHTN
12,Ginger Ale,1.0,2018-03-25T15:54:46Z,200,JiPnHDyRjKJ6mb65Tzo9ctMF,E5PYWY39PNHTN
13,Caesar Burger,1.0,2018-03-25T16:01:33Z,695,JbIo3VJPqUFQDOm8ICQEKQB,E5PYWY39PNHTN
14,Small Fry,1.0,2018-03-25T16:01:33Z,445,JbIo3VJPqUFQDOm8ICQEKQB,E5PYWY39PNHTN
15,Diet Coke,1.0,2018-03-25T16:01:33Z,200,JbIo3VJPqUFQDOm8ICQEKQB,E5PYWY39PNHTN
16,19 W Cheeseburger,1.0,2018-03-25T16:04:35Z,745,7n2ekRMLndZ31qbFYYpeksMF,E5PYWY39PNHTN
17,Coca Cola,2.0,2018-03-25T16:04:35Z,200,7n2ekRMLndZ31qbFYYpeksMF,E5PYWY39PNHTN
18,Large Fry,1.0,2018-03-25T16:04:35Z,595,7n2ekRMLndZ31qbFYYpeksMF,E5PYWY39PNHTN
19,Oinking Cow,1.0,2018-03-25T16:04:35Z,995,7n2ekRMLndZ31qbFYYpeksMF,E5PYWY39PNHTN
20,Theta Burger,1.0,2018-03-25T16:11:48Z,749,YviZuOiXKqsJbL4G5tYE5sMF,E5PYWY39PNHTN
21,19 W Cheeseburger,1.0,2018-03-25T16:11:48Z,745,YviZuOiXKqsJbL4G5tYE5sMF,E5PYWY39PNHTN
22,19 W Cheeseburger,1.0,2018-03-25T16:11:48Z,745,YviZuOiXKqsJbL4G5tYE5sMF,E5PYWY39PNHTN
23,Large Fry,1.0,2018-03-25T16:11:48Z,595,YviZuOiXKqsJbL4G5tYE5sMF,E5PYWY39PNHTN
24,19 W Cheeseburger,1.0,2018-03-25T16:20:31Z,745,zkoXVt6uYpuct8CNrQvRLQB,E5PYWY39PNHTN
25,Small Fry,1.0,2018-03-25T16:20:31Z,445,zkoXVt6uYpuct8CNrQvRLQB,E5PYWY39PNHTN
26,Theta Burger,1.0,2018-03-25T16:42:06Z,749,vnRrj4oPg5FTThU5AtFMuvMF,E5PYWY39PNHTN
27,Oinking Cow,1.0,2018-03-25T16:42:06Z,995,vnRrj4oPg5FTThU5AtFMuvMF,E5PYWY39PNHTN
28,Large Fry,1.0,2018-03-25T16:42:06Z,595,vnRrj4oPg5FTThU5AtFMuvMF,E5PYWY39PNHTN
29,Diet Coke,1.0,2018-03-25T16:42:06Z,200,vnRrj4oPg5FTThU5AtFMuvMF,E5PYWY39PNHTN
30,Blue Moon (draft),1.0,2018-03-25T16:42:06Z,775,vnRrj4oPg5FTThU5AtFMuvMF,E5PYWY39PNHTN
31,Theta Burger,1.0,2018-03-25T16:56:09Z,749,Nxv58mnDGUT18g7Ef41wttMF,E5PYWY39PNHTN
32,Small Fry,1.0,2018-03-25T16:56:09Z,445,Nxv58mnDGUT18g7Ef41wttMF,E5PYWY39PNHTN
33,Theta Burger,1.0,2018-03-25T17:15:34Z,749,qdjVCS8zagU8oVjlJEq1OxMF,E5PYWY39PNHTN
34,Oinking Cow,1.0,2018-03-25T17:15:34Z,995,qdjVCS8zagU8oVjlJEq1OxMF,E5PYWY39PNHTN
35,Oinking Cow,1.0,2018-03-25T17:15:34Z,995,qdjVCS8zagU8oVjlJEq1OxMF,E5PYWY39PNHTN
36,Large Fry,1.0,2018-03-25T17:15:34Z,595,qdjVCS8zagU8oVjlJEq1OxMF,E5PYWY39PNHTN
37,DC Brau Corruption IPA,1.0,2018-03-25T17:15:34Z,775,qdjVCS8zagU8oVjlJEq1OxMF,E5PYWY39PNHTN
38,Coca Cola,1.0,2018-03-25T17:15:34Z,200,qdjVCS8zagU8oVjlJEq1OxMF,E5PYWY39PNHTN
39,Blue Moon (draft),2.0,2018-03-25T17:19:22Z,775,TwIKws8aIT2xARo8l2aRKQB,E5PYWY39PNHTN
40,19 W Cheeseburger,2.0,2018-03-25T17:30:44Z,745,xMu8uQcz4drXHXJvdkO6ZzMF,E5PYWY39PNHTN
41,Large Fry,1.0,2018-03-25T17:30:44Z,595,xMu8uQcz4drXHXJvdkO6ZzMF,E5PYWY39PNHTN
42,Water Bottle,2.0,2018-03-25T17:30:44Z,200,xMu8uQcz4drXHXJvdkO6ZzMF,E5PYWY39PNHTN
43,Blue Moon (draft),1.0,2018-03-25T17:38:35Z,775,nYR7EH5yKQXvhcx2TjUkKQB,E5PYWY39PNHTN
44,19 W Cheeseburger,1.0,2018-03-25T17:47:56Z,745,fmn8nYmLarLdJsQ0xkDzGuMF,E5PYWY39PNHTN
45,19 W Cheeseburger,1.0,2018-03-25T17:47:56Z,745,fmn8nYmLarLdJsQ0xkDzGuMF,E5PYWY39PNHTN
46,19 W Burger,1.0,2018-03-25T17:47:56Z,645,fmn8nYmLarLdJsQ0xkDzGuMF,E5PYWY39PNHTN
47,Large Fry,1.0,2018-03-25T17:47:56Z,595,fmn8nYmLarLdJsQ0xkDzGuMF,E5PYWY39PNHTN
48,Theta Burger,1.0,2018-03-25T18:03:13Z,749,GYtBkRH6hlrml39VM06sawMF,E5PYWY39PNHTN
49,Small Fry,1.0,2018-03-25T18:03:13Z,445,GYtBkRH6hlrml39VM06sawMF,E5PYWY39PNHTN
50,Coca Cola,1.0,2018-03-25T18:03:13Z,200,GYtBkRH6hlrml39VM06sawMF,E5PYWY39PNHTN
51,Oinking Cow,1.0,2018-03-25T18:07:29Z,995,l6nRUU39IufTmhOaV8jj7wMF,E5PYWY39PNHTN
52,Large Fry,1.0,2018-03-25T18:07:29Z,595,l6nRUU39IufTmhOaV8jj7wMF,E5PYWY39PNHTN
53,Triple Dip,1.0,2018-03-25T18:07:29Z,200,l6nRUU39IufTmhOaV8jj7wMF,E5PYWY39PNHTN
54,Theta Burger,1.0,2018-03-25T18:07:29Z,749,l6nRUU39IufTmhOaV8jj7wMF,E5PYWY39PNHTN
55,Dr. Pepper,1.0,2018-03-25T18:07:29Z,200,l6nRUU39IufTmhOaV8jj7wMF,E5PYWY39PNHTN
56,Coca Cola,1.0,2018-03-25T18:07:29Z,200,l6nRUU39IufTmhOaV8jj7wMF,E5PYWY39PNHTN
57,Theta Burger,1.0,2018-03-25T18:11:31Z,749,2vPQJIuwJQKIMRg9Zik27wMF,E5PYWY39PNHTN
58,19 W Cheeseburger,1.0,2018-03-25T18:11:31Z,745,2vPQJIuwJQKIMRg9Zik27wMF,E5PYWY39PNHTN
59,Large Fry,1.0,2018-03-25T18:11:31Z,595,2vPQJIuwJQKIMRg9Zik27wMF,E5PYWY39PNHTN
60,Miller Lite (draft),2.0,2018-03-25T18:11:31Z,575,2vPQJIuwJQKIMRg9Zik27wMF,E5PYWY39PNHTN
61,Theta Burger,1.0,2018-03-25T18:23:36Z,749,PGGjoEMtnvQF79uPzPLJLQB,E5PYWY39PNHTN
62,Dr. Pepper,1.0,2018-03-25T18:23:36Z,200,PGGjoEMtnvQF79uPzPLJLQB,E5PYWY39PNHTN
63,Large Fry,1.0,2018-03-25T18:33:04Z,595,8hNcBFE3pMUzqbwxIc66gsMF,E5PYWY39PNHTN
64,19 W Cheeseburger,1.0,2018-03-25T18:41:46Z,745,zwen4NS2P0KvR03XNkyGWwMF,E5PYWY39PNHTN
65,Large Fry,1.0,2018-03-25T18:41:46Z,595,zwen4NS2P0KvR03XNkyGWwMF,E5PYWY39PNHTN
66,Water Bottle,1.0,2018-03-25T18:41:46Z,200,zwen4NS2P0KvR03XNkyGWwMF,E5PYWY39PNHTN
67,19 W Cheeseburger,1.0,2018-03-25T18:43:14Z,745,Ckt4cT7JMy4jjSQ7W1hWtwMF,E5PYWY39PNHTN
68,Coca Cola,1.0,2018-03-25T18:43:14Z,200,Ckt4cT7JMy4jjSQ7W1hWtwMF,E5PYWY39PNHTN
69,Shroomer,1.0,2018-03-25T18:50:06Z,995,xRDPyoqH6LDWmR17BgzGLQB,E5PYWY39PNHTN
70,Gobbler,1.0,2018-03-25T18:50:06Z,1045,xRDPyoqH6LDWmR17BgzGLQB,E5PYWY39PNHTN
71,Caesar Burger,2.0,2018-03-25T21:04:11Z,695,EDkLvMjKfnXKX8xpH9NJ8sMF,E5PYWY39PNHTN
72,19 W Cheeseburger,1.0,2018-03-25T21:04:11Z,745,EDkLvMjKfnXKX8xpH9NJ8sMF,E5PYWY39PNHTN
73,Large Fry,1.0,2018-03-25T21:04:11Z,595,EDkLvMjKfnXKX8xpH9NJ8sMF,E5PYWY39PNHTN
74,Oinking Cow,1.0,2018-03-25T21:04:11Z,995,EDkLvMjKfnXKX8xpH9NJ8sMF,E5PYWY39PNHTN
75,Avocado BLT,1.0,2018-03-25T21:08:36Z,695,vH80F4sT0aRAV8r9rGw1atMF,E5PYWY39PNHTN
76,19West House,1.0,2018-03-25T21:08:36Z,895,vH80F4sT0aRAV8r9rGw1atMF,E5PYWY39PNHTN
77,Coca Cola,2.0,2018-03-25T21:08:36Z,200,vH80F4sT0aRAV8r9rGw1atMF,E5PYWY39PNHTN
78,19 W Burger,1.0,2018-03-25T21:08:36Z,645,vH80F4sT0aRAV8r9rGw1atMF,E5PYWY39PNHTN
79,Large Fry,1.0,2018-03-25T21:08:36Z,595,vH80F4sT0aRAV8r9rGw1atMF,E5PYWY39PNHTN
80,19 W Burger,1.0,2018-03-25T21:08:36Z,645,vH80F4sT0aRAV8r9rGw1atMF,E5PYWY39PNHTN
81,Water Bottle,1.0,2018-03-25T21:08:36Z,200,vH80F4sT0aRAV8r9rGw1atMF,E5PYWY39PNHTN
82,19 W Burger,1.0,2018-03-25T21:08:36Z,645,vH80F4sT0aRAV8r9rGw1atMF,E5PYWY39PNHTN
83,Small Fry,1.0,2018-03-25T21:08:36Z,445,vH80F4sT0aRAV8r9rGw1atMF,E5PYWY39PNHTN
84,Shroomer,1.0,2018-03-25T21:14:17Z,995,X5Rq1aBSF9rCupP0EiAtUzMF,E5PYWY39PNHTN
85,Small Fry,1.0,2018-03-25T21:14:17Z,445,X5Rq1aBSF9rCupP0EiAtUzMF,E5PYWY39PNHTN
86,19 W Cheeseburger,1.0,2018-03-25T21:16:09Z,745,YqhW2OplupO7u0KmuxuTAyMF,E5PYWY39PNHTN
87,Small Fry,1.0,2018-03-25T21:16:09Z,445,YqhW2OplupO7u0KmuxuTAyMF,E5PYWY39PNHTN
88,19 W Cheeseburger,1.0,2018-03-25T21:33:35Z,745,IARlhx2pojktxwdlWnQAguMF,E5PYWY39PNHTN
89,19 W Cheeseburger,1.0,2018-03-25T21:33:35Z,745,IARlhx2pojktxwdlWnQAguMF,E5PYWY39PNHTN
90,19 W Cheeseburger,1.0,2018-03-25T21:33:35Z,745,IARlhx2pojktxwdlWnQAguMF,E5PYWY39PNHTN
91,Large Fry,1.0,2018-03-25T21:33:35Z,595,IARlhx2pojktxwdlWnQAguMF,E5PYWY39PNHTN
92,Water Bottle,1.0,2018-03-25T21:34:18Z,200,poLZeRwtE1RP7kBHme7TaxMF,E5PYWY39PNHTN
93,Large Fry,1.0,2018-03-25T21:34:18Z,595,poLZeRwtE1RP7kBHme7TaxMF,E5PYWY39PNHTN
94,Oinking Cow,1.0,2018-03-25T21:42:22Z,995,SgY1L6BqU3Y8412cPPVfYzMF,E5PYWY39PNHTN
95,Coca Cola,1.0,2018-03-25T21:42:22Z,200,SgY1L6BqU3Y8412cPPVfYzMF,E5PYWY39PNHTN
96,Large Fry,1.0,2018-03-25T21:42:22Z,595,SgY1L6BqU3Y8412cPPVfYzMF,E5PYWY39PNHTN
97,Dr. Pepper,1.0,2018-03-25T21:42:22Z,200,SgY1L6BqU3Y8412cPPVfYzMF,E5PYWY39PNHTN
98,Oinking Cow,1.0,2018-03-25T21:42:22Z,995,SgY1L6BqU3Y8412cPPVfYzMF,E5PYWY39PNHTN
99,19 W Burger,1.0,2018-03-25T21:57:00Z,645,3uGIHDnwcaaIjTpXe8NrKQB,E5PYWY39PNHTN
100,Large Fry,1.0,2018-03-25T21:57:00Z,595,3uGIHDnwcaaIjTpXe8NrKQB,E5PYWY39PNHTN
101,Avocado BLT,1.0,2018-03-25T21:57:00Z,695,3uGIHDnwcaaIjTpXe8NrKQB,E5PYWY39PNHTN
102,Diet Coke,1.0,2018-03-25T21:57:00Z,200,3uGIHDnwcaaIjTpXe8NrKQB,E5PYWY39PNHTN
103,Ginger Ale,1.0,2018-03-25T21:57:00Z,200,3uGIHDnwcaaIjTpXe8NrKQB,E5PYWY39PNHTN
104,Coca Cola,1.0,2018-03-25T22:00:17Z,200,1XvKDDLltRNsOLLmpEHyFvMF,E5PYWY39PNHTN
105,Dr. Pepper,1.0,2018-03-25T22:00:17Z,200,1XvKDDLltRNsOLLmpEHyFvMF,E5PYWY39PNHTN
106,Oinking Cow,1.0,2018-03-25T22:38:12Z,995,z82QnazgArdYUEToYqNaKQB,E5PYWY39PNHTN
107,Small Fry,1.0,2018-03-25T22:38:12Z,445,z82QnazgArdYUEToYqNaKQB,E5PYWY39PNHTN
108,Triple Dip,1.0,2018-03-25T22:38:12Z,200,z82QnazgArdYUEToYqNaKQB,E5PYWY39PNHTN
109,19 W Cheeseburger,1.0,2018-03-25T22:38:12Z,745,z82QnazgArdYUEToYqNaKQB,E5PYWY39PNHTN
110,Sprite,1.0,2018-03-25T22:38:12Z,200,z82QnazgArdYUEToYqNaKQB,E5PYWY39PNHTN
111,19 W Cheeseburger,1.0,2018-03-25T22:48:05Z,745,A5BgCLQJKg4tWn52bZiLwwMF,E5PYWY39PNHTN
112,Large Fry,1.0,2018-03-25T22:48:05Z,595,A5BgCLQJKg4tWn52bZiLwwMF,E5PYWY39PNHTN
113,Coca Cola,1.0,2018-03-25T22:48:05Z,200,A5BgCLQJKg4tWn52bZiLwwMF,E5PYWY39PNHTN
114,Small Fry,1.0,2018-03-25T23:03:50Z,445,PIBarHsUATtGTraljx2vKQB,E5PYWY39PNHTN
115,Theta Burger,2.0,2018-03-27T15:41:08Z,749,15MqwRd4Ai4TniZJnBNPLQB,E5PYWY39PNHTN
116,Small Fry,1.0,2018-03-27T15:41:08Z,445,15MqwRd4Ai4TniZJnBNPLQB,E5PYWY39PNHTN
117,Small Fry,1.0,2018-03-27T15:41:08Z,445,15MqwRd4Ai4TniZJnBNPLQB,E5PYWY39PNHTN
118,Water Bottle,1.0,2018-03-27T15:41:08Z,200,15MqwRd4Ai4TniZJnBNPLQB,E5PYWY39PNHTN
119,Diet Coke,1.0,2018-03-27T15:41:08Z,200,15MqwRd4Ai4TniZJnBNPLQB,E5PYWY39PNHTN
120,19 W Burger,1.0,2018-03-27T16:06:16Z,645,DuHSbUsPQkvg6LGrKaI5syMF,E5PYWY39PNHTN
121,19 W Cheeseburger,1.0,2018-03-27T16:36:16Z,745,BMTlJzzLnR8QeoETRuAoCzMF,E5PYWY39PNHTN
122,19 W Burger,1.0,2018-03-27T16:37:52Z,645,3EgVX8L12YKcvWet6wbPltMF,E5PYWY39PNHTN
123,19 W Cheeseburger,1.0,2018-03-27T16:37:52Z,745,3EgVX8L12YKcvWet6wbPltMF,E5PYWY39PNHTN
124,Small Fry,1.0,2018-03-27T16:37:52Z,445,3EgVX8L12YKcvWet6wbPltMF,E5PYWY39PNHTN
125,Coca Cola,1.0,2018-03-27T16:37:52Z,200,3EgVX8L12YKcvWet6wbPltMF,E5PYWY39PNHTN
126,Water Bottle,1.0,2018-03-27T16:37:52Z,200,3EgVX8L12YKcvWet6wbPltMF,E5PYWY39PNHTN
127,Oinking Cow,2.0,2018-03-28T16:16:25Z,995,nieCU5IrRAhnyTif4knCvyMF,E5PYWY39PNHTN
128,Small Fry,1.0,2018-03-28T16:16:25Z,445,nieCU5IrRAhnyTif4knCvyMF,E5PYWY39PNHTN
129,Water Bottle,1.0,2018-03-28T16:16:25Z,200,nieCU5IrRAhnyTif4knCvyMF,E5PYWY39PNHTN
130,Oinking Cow,1.0,2018-03-28T16:16:25Z,995,nieCU5IrRAhnyTif4knCvyMF,E5PYWY39PNHTN
131,Diet Coke,1.0,2018-03-28T16:16:25Z,200,nieCU5IrRAhnyTif4knCvyMF,E5PYWY39PNHTN
132,Small Fry,1.0,2018-03-28T16:16:25Z,445,nieCU5IrRAhnyTif4knCvyMF,E5PYWY39PNHTN
133,Water Bottle,1.0,2018-03-28T16:16:25Z,200,nieCU5IrRAhnyTif4knCvyMF,E5PYWY39PNHTN
134,19 W Burger,1.0,2018-03-28T16:27:12Z,645,1AfyLC5PBlxOvnOnHRU1CzMF,E5PYWY39PNHTN
135,Smashed Grilled Cheese ,1.0,2018-03-28T16:27:12Z,545,1AfyLC5PBlxOvnOnHRU1CzMF,E5PYWY39PNHTN
136,Sprite,1.0,2018-03-28T16:27:12Z,200,1AfyLC5PBlxOvnOnHRU1CzMF,E5PYWY39PNHTN
137,Diet Coke,1.0,2018-03-28T16:27:12Z,200,1AfyLC5PBlxOvnOnHRU1CzMF,E5PYWY39PNHTN
138,Large Fry,1.0,2018-03-28T16:27:12Z,595,1AfyLC5PBlxOvnOnHRU1CzMF,E5PYWY39PNHTN
139,19 W Burger,1.0,2018-03-28T16:27:12Z,645,1AfyLC5PBlxOvnOnHRU1CzMF,E5PYWY39PNHTN
140,Small Fry,1.0,2018-03-28T16:27:12Z,445,1AfyLC5PBlxOvnOnHRU1CzMF,E5PYWY39PNHTN
141,19 W Cheeseburger,1.0,2018-03-28T17:00:04Z,745,iKGXPYUjSqiH0iBOMWh4TzMF,E5PYWY39PNHTN
142,Small Fry,1.0,2018-03-28T17:00:04Z,445,iKGXPYUjSqiH0iBOMWh4TzMF,E5PYWY39PNHTN
143,19 W Cheeseburger,1.0,2018-03-28T17:00:04Z,745,iKGXPYUjSqiH0iBOMWh4TzMF,E5PYWY39PNHTN
144,Small Fry,1.0,2018-03-28T17:00:04Z,445,iKGXPYUjSqiH0iBOMWh4TzMF,E5PYWY39PNHTN
145,Oinking Cow,1.0,2018-03-28T17:00:04Z,995,iKGXPYUjSqiH0iBOMWh4TzMF,E5PYWY39PNHTN
146,Small Fry,1.0,2018-03-28T17:00:04Z,445,iKGXPYUjSqiH0iBOMWh4TzMF,E5PYWY39PNHTN
147,19 W Cheeseburger,1.0,2018-03-28T17:00:04Z,745,iKGXPYUjSqiH0iBOMWh4TzMF,E5PYWY39PNHTN
148,Oinking Cow,1.0,2018-03-28T17:00:04Z,995,iKGXPYUjSqiH0iBOMWh4TzMF,E5PYWY39PNHTN
149,Gobbler,1.0,2018-03-28T17:24:46Z,1045,tZKEsEMjLS8645xVrbtEKQB,E5PYWY39PNHTN
150,Diet Coke,1.0,2018-03-28T17:24:46Z,200,tZKEsEMjLS8645xVrbtEKQB,E5PYWY39PNHTN
151,Large Fry,1.0,2018-03-28T21:08:22Z,595,Wu7LO8UydusUmsFs0WZCzuMF,E5PYWY39PNHTN
152,Large Fry,1.0,2018-03-28T21:08:22Z,595,Wu7LO8UydusUmsFs0WZCzuMF,E5PYWY39PNHTN
153,Large Fry,1.0,2018-03-28T21:08:22Z,595,Wu7LO8UydusUmsFs0WZCzuMF,E5PYWY39PNHTN
154,Avocado BLT,2.0,2018-03-28T21:08:22Z,695,Wu7LO8UydusUmsFs0WZCzuMF,E5PYWY39PNHTN
155,19West House,1.0,2018-03-28T21:08:22Z,895,Wu7LO8UydusUmsFs0WZCzuMF,E5PYWY39PNHTN
156,19 W Burger,1.0,2018-03-28T21:08:22Z,645,Wu7LO8UydusUmsFs0WZCzuMF,E5PYWY39PNHTN
157,Water Bottle,1.0,2018-03-28T21:08:22Z,200,Wu7LO8UydusUmsFs0WZCzuMF,E5PYWY39PNHTN
158,19West House,1.0,2018-03-28T23:07:26Z,895,i8qKZtNkc23eO9ghGslqssMF,E5PYWY39PNHTN
159,19 W Cheeseburger,1.0,2018-03-28T23:07:26Z,745,i8qKZtNkc23eO9ghGslqssMF,E5PYWY39PNHTN
160,Single Dip,1.0,2018-03-28T23:15:41Z,100,ZnMBj9F9VgLLD8R8DicaKQB,E5PYWY39PNHTN
161,Large Fry,1.0,2018-03-29T15:59:17Z,595,J9wTexuczWz2kXlRaVZyCyMF,E5PYWY39PNHTN
162,Single Dip,1.0,2018-03-29T15:59:17Z,100,J9wTexuczWz2kXlRaVZyCyMF,E5PYWY39PNHTN
163,Gobbler,1.0,2018-03-29T15:59:17Z,1045,J9wTexuczWz2kXlRaVZyCyMF,E5PYWY39PNHTN
164,Diet Coke,1.0,2018-03-29T15:59:17Z,200,J9wTexuczWz2kXlRaVZyCyMF,E5PYWY39PNHTN
165,19 W Burger,1.0,2018-03-29T15:59:17Z,645,J9wTexuczWz2kXlRaVZyCyMF,E5PYWY39PNHTN
166,19 W Cheeseburger,1.0,2018-03-29T15:59:17Z,745,J9wTexuczWz2kXlRaVZyCyMF,E5PYWY39PNHTN
167,19 W Cheeseburger,1.0,2018-03-29T16:55:32Z,745,toCjUUGMugu31a3Ud6t43xMF,E5PYWY39PNHTN
168,19 W Cheeseburger,1.0,2018-03-29T16:55:32Z,745,toCjUUGMugu31a3Ud6t43xMF,E5PYWY39PNHTN
169,Large Fry,1.0,2018-03-29T16:55:32Z,595,toCjUUGMugu31a3Ud6t43xMF,E5PYWY39PNHTN
170,19 W Cheeseburger,1.0,2018-03-29T17:38:53Z,745,z2Rzr5akTEAzC6WysaLlKQB,E5PYWY39PNHTN
171,Small Fry,1.0,2018-03-29T17:38:53Z,445,z2Rzr5akTEAzC6WysaLlKQB,E5PYWY39PNHTN
172,Oinking Cow,1.0,2018-03-29T17:54:24Z,995,l1sXbzjewIJqeOPTSQewJQB,E5PYWY39PNHTN
173,Caesar Burger,1.0,2018-03-29T17:54:24Z,695,l1sXbzjewIJqeOPTSQewJQB,E5PYWY39PNHTN
174,19 W Cheeseburger,1.0,2018-03-29T17:56:59Z,745,EwFc5s4hdZMYakdG4XBl1zMF,E5PYWY39PNHTN
175,19 W Cheeseburger,1.0,2018-03-29T17:56:59Z,745,EwFc5s4hdZMYakdG4XBl1zMF,E5PYWY39PNHTN
176,Large Fry,1.0,2018-03-29T17:56:59Z,595,EwFc5s4hdZMYakdG4XBl1zMF,E5PYWY39PNHTN
177,Coca Cola,1.0,2018-03-29T17:56:59Z,200,EwFc5s4hdZMYakdG4XBl1zMF,E5PYWY39PNHTN
178,Water Bottle,1.0,2018-03-29T17:56:59Z,200,EwFc5s4hdZMYakdG4XBl1zMF,E5PYWY39PNHTN
179,19 W Cheeseburger,2.0,2018-03-29T18:22:20Z,745,sqI3es9GADSFYhRFwwm9QvMF,E5PYWY39PNHTN
180,Large Fry,1.0,2018-03-29T18:22:20Z,595,sqI3es9GADSFYhRFwwm9QvMF,E5PYWY39PNHTN
181,Eggs,1.0,2018-03-29T18:22:20Z,100,sqI3es9GADSFYhRFwwm9QvMF,E5PYWY39PNHTN
182,Theta Burger,1.0,2018-03-29T18:35:52Z,749,RTebEZKFyDvJSxdHAVU38uMF,E5PYWY39PNHTN
183,Coca Cola,2.0,2018-03-29T18:37:26Z,200,Gkmy9va8ID3vhNwWy6A1FzMF,E5PYWY39PNHTN
184,Caesar Burger,1.0,2018-03-29T22:03:15Z,695,NhGuxe6p5bXydXdgQVn3JQB,E5PYWY39PNHTN
185,Small Fry,1.0,2018-03-29T22:03:15Z,445,NhGuxe6p5bXydXdgQVn3JQB,E5PYWY39PNHTN
186,19 W Cheeseburger,1.0,2018-03-29T22:03:15Z,745,NhGuxe6p5bXydXdgQVn3JQB,E5PYWY39PNHTN
187,Oinking Cow,1.0,2018-03-29T22:03:15Z,995,NhGuxe6p5bXydXdgQVn3JQB,E5PYWY39PNHTN
188,Large Fry,1.0,2018-03-29T22:03:15Z,595,NhGuxe6p5bXydXdgQVn3JQB,E5PYWY39PNHTN
189,Ginger Ale,1.0,2018-03-29T22:03:15Z,200,NhGuxe6p5bXydXdgQVn3JQB,E5PYWY39PNHTN
190,19 W Burger,1.0,2018-03-29T22:25:01Z,645,hJLJ5S0LYunSQlyQSvKGLQB,E5PYWY39PNHTN
191,Small Fry,1.0,2018-03-29T22:25:01Z,445,hJLJ5S0LYunSQlyQSvKGLQB,E5PYWY39PNHTN
192,Oinking Cow,1.0,2018-03-29T23:08:17Z,995,VLkzFhnjZMmfi82glo4TdwMF,E5PYWY39PNHTN
193,Large Fry,1.0,2018-03-29T23:08:17Z,595,VLkzFhnjZMmfi82glo4TdwMF,E5PYWY39PNHTN
194,19 W Cheeseburger,1.0,2018-03-29T23:11:23Z,745,7l9lopVXgtnWBQyNruR5uyMF,E5PYWY39PNHTN
195,Small Fry,1.0,2018-03-29T23:11:23Z,445,7l9lopVXgtnWBQyNruR5uyMF,E5PYWY39PNHTN
196,19 W Burger,1.0,2018-03-29T23:57:03Z,645,3mLSCMuwSW3o41ifdvJHnuMF,E5PYWY39PNHTN
197,Large Fry,1.0,2018-03-29T23:57:03Z,595,3mLSCMuwSW3o41ifdvJHnuMF,E5PYWY39PNHTN
198,Oinking Cow,2.0,2018-03-29T23:57:03Z,995,3mLSCMuwSW3o41ifdvJHnuMF,E5PYWY39PNHTN
199,Oinking Cow,1.0,2018-03-30T00:07:06Z,995,bkomGX3hk9uHbxghkZN8KQB,E5PYWY39PNHTN
200,Large Fry,1.0,2018-03-30T00:07:06Z,595,bkomGX3hk9uHbxghkZN8KQB,E5PYWY39PNHTN
201,Gobbler,1.0,2018-03-30T00:39:07Z,1045,RAW6x693wN36XTYNrIdSmvMF,E5PYWY39PNHTN
202,19 W Cheeseburger,1.0,2018-03-30T15:47:52Z,745,1cDa56c5WphNQqtbbbSMWwMF,E5PYWY39PNHTN
203,Small Fry,1.0,2018-03-30T15:47:52Z,445,1cDa56c5WphNQqtbbbSMWwMF,E5PYWY39PNHTN
204,Sprite,1.0,2018-03-30T15:47:52Z,200,1cDa56c5WphNQqtbbbSMWwMF,E5PYWY39PNHTN
205,19 W Cheeseburger,1.0,2018-03-30T15:48:48Z,745,YM6QcpV49cg2IavmA4vHcvMF,E5PYWY39PNHTN
206,Coca Cola,1.0,2018-03-30T15:48:48Z,200,YM6QcpV49cg2IavmA4vHcvMF,E5PYWY39PNHTN
207,19 W Cheeseburger,1.0,2018-03-30T15:50:03Z,745,hvd2lu9cdjfbgtzgHO5oTvMF,E5PYWY39PNHTN
208,Diet Coke,1.0,2018-03-30T15:50:03Z,200,hvd2lu9cdjfbgtzgHO5oTvMF,E5PYWY39PNHTN
209,Small Fry,1.0,2018-03-30T15:50:03Z,445,hvd2lu9cdjfbgtzgHO5oTvMF,E5PYWY39PNHTN
210,Caesar Burger,1.0,2018-03-30T15:51:27Z,695,TifxYYl0sbfRP8JDmOSULQB,E5PYWY39PNHTN
211,19 W Cheeseburger,1.0,2018-03-30T15:52:32Z,745,vCjpUr1ctg3Ucj0HsyXGFtMF,E5PYWY39PNHTN
212,Large Fry,1.0,2018-03-30T15:52:32Z,595,vCjpUr1ctg3Ucj0HsyXGFtMF,E5PYWY39PNHTN
213,Dr. Pepper,1.0,2018-03-30T15:52:32Z,200,vCjpUr1ctg3Ucj0HsyXGFtMF,E5PYWY39PNHTN
214,Shroomer,1.0,2018-03-30T15:53:24Z,995,wKDIIBsfzhGpnP39zK3GHtMF,E5PYWY39PNHTN
215,Dr. Pepper,1.0,2018-03-30T15:53:24Z,200,wKDIIBsfzhGpnP39zK3GHtMF,E5PYWY39PNHTN
216,Small Fry,1.0,2018-03-30T16:05:33Z,445,CPgnemggLurHCYbqJdU7htMF,E5PYWY39PNHTN
217,19 W Cheeseburger,1.0,2018-03-30T16:05:33Z,745,CPgnemggLurHCYbqJdU7htMF,E5PYWY39PNHTN
218,Dr. Pepper,1.0,2018-03-30T16:05:33Z,200,CPgnemggLurHCYbqJdU7htMF,E5PYWY39PNHTN
219,19 W Cheeseburger,1.0,2018-03-30T16:11:30Z,745,xyAv7lyIt0aWhKDfy3kQKyMF,E5PYWY39PNHTN
220,Large Fry,1.0,2018-03-30T16:11:30Z,595,xyAv7lyIt0aWhKDfy3kQKyMF,E5PYWY39PNHTN
221,Dr. Pepper,1.0,2018-03-30T16:11:30Z,200,xyAv7lyIt0aWhKDfy3kQKyMF,E5PYWY39PNHTN
222,Rise and Shine,1.0,2018-03-30T16:13:41Z,1245,yEUbxoCgcuLl1lPVBwkCrvMF,E5PYWY39PNHTN
223,Small Fry,1.0,2018-03-30T16:13:41Z,445,yEUbxoCgcuLl1lPVBwkCrvMF,E5PYWY39PNHTN
224,Dr. Pepper,1.0,2018-03-30T16:13:41Z,200,yEUbxoCgcuLl1lPVBwkCrvMF,E5PYWY39PNHTN
225,Rise and Shine,1.0,2018-03-30T16:15:11Z,1245,WZtP8Fs9QVeunuDpHjG6kyMF,E5PYWY39PNHTN
226,Coca Cola,1.0,2018-03-30T16:15:11Z,200,WZtP8Fs9QVeunuDpHjG6kyMF,E5PYWY39PNHTN
227,Single Dip,1.0,2018-03-30T16:15:11Z,100,WZtP8Fs9QVeunuDpHjG6kyMF,E5PYWY39PNHTN
228,Shroomer,1.0,2018-03-30T16:19:03Z,995,UOoNjiFBjaYpSxUnhkgbNvMF,E5PYWY39PNHTN
229,Large Fry,1.0,2018-03-30T16:19:03Z,595,UOoNjiFBjaYpSxUnhkgbNvMF,E5PYWY39PNHTN
230,19 W Cheeseburger,1.0,2018-03-30T16:43:47Z,745,XJuFdZhnJyku1Dn21bOuuwMF,E5PYWY39PNHTN
231,Small Fry,1.0,2018-03-30T16:43:47Z,445,XJuFdZhnJyku1Dn21bOuuwMF,E5PYWY39PNHTN
232,19 W Cheeseburger,1.0,2018-03-30T16:46:06Z,745,3uSI0fJgwukk4GE8J1S4KQB,E5PYWY39PNHTN
233,Oinking Cow,1.0,2018-03-30T17:15:18Z,995,udPAm42WsHfZTTHBH0q7kxMF,E5PYWY39PNHTN
234,19 W Cheeseburger,1.0,2018-03-30T17:15:18Z,745,udPAm42WsHfZTTHBH0q7kxMF,E5PYWY39PNHTN
235,Large Fry,1.0,2018-03-30T17:15:18Z,595,udPAm42WsHfZTTHBH0q7kxMF,E5PYWY39PNHTN
236,Coca Cola,1.0,2018-03-30T17:15:18Z,200,udPAm42WsHfZTTHBH0q7kxMF,E5PYWY39PNHTN
237,Dr. Pepper,1.0,2018-03-30T17:15:18Z,200,udPAm42WsHfZTTHBH0q7kxMF,E5PYWY39PNHTN
238,19 W Cheeseburger,1.0,2018-03-30T17:22:50Z,745,O5IZ3vv1P5OKWlWoMOdo1wMF,E5PYWY39PNHTN
239,Small Fry,1.0,2018-03-30T17:22:50Z,445,O5IZ3vv1P5OKWlWoMOdo1wMF,E5PYWY39PNHTN
240,Water Bottle,1.0,2018-03-30T17:22:50Z,200,O5IZ3vv1P5OKWlWoMOdo1wMF,E5PYWY39PNHTN
241,19 W Cheeseburger,1.0,2018-03-30T18:04:31Z,745,9ztvlNAzfXwTb2ZKvY9GOtMF,E5PYWY39PNHTN
242,Theta Burger,1.0,2018-03-30T18:04:31Z,749,9ztvlNAzfXwTb2ZKvY9GOtMF,E5PYWY39PNHTN
243,Large Fry,1.0,2018-03-30T18:04:31Z,595,9ztvlNAzfXwTb2ZKvY9GOtMF,E5PYWY39PNHTN
244,Dr. Pepper,1.0,2018-03-30T18:04:31Z,200,9ztvlNAzfXwTb2ZKvY9GOtMF,E5PYWY39PNHTN
245,Ginger Ale,1.0,2018-03-30T18:04:31Z,200,9ztvlNAzfXwTb2ZKvY9GOtMF,E5PYWY39PNHTN
246,19 W Burger,1.0,2018-03-30T18:40:15Z,645,a7JRoA6kJuDz9CwmiwchduMF,E5PYWY39PNHTN
247,Sprite,1.0,2018-03-30T18:40:15Z,200,a7JRoA6kJuDz9CwmiwchduMF,E5PYWY39PNHTN
248,Small Fry,1.0,2018-03-30T18:40:15Z,445,a7JRoA6kJuDz9CwmiwchduMF,E5PYWY39PNHTN
249,Oinking Cow,1.0,2018-03-30T18:57:49Z,995,SL3FI2UsIIrNVPZRZjeXLuMF,E5PYWY39PNHTN
250,Large Fry,1.0,2018-03-30T18:57:49Z,595,SL3FI2UsIIrNVPZRZjeXLuMF,E5PYWY39PNHTN
251,Triple Dip,1.0,2018-03-30T18:57:49Z,200,SL3FI2UsIIrNVPZRZjeXLuMF,E5PYWY39PNHTN
252,Single Dip,1.0,2018-03-30T18:57:49Z,100,SL3FI2UsIIrNVPZRZjeXLuMF,E5PYWY39PNHTN
253,Avocado BLT,1.0,2018-03-30T18:57:49Z,695,SL3FI2UsIIrNVPZRZjeXLuMF,E5PYWY39PNHTN
254,19 W Cheeseburger,1.0,2018-03-30T20:51:33Z,745,o5iV0W9rbuTMTckXmMbRnyMF,E5PYWY39PNHTN
255,Large Fry,1.0,2018-03-30T20:51:33Z,595,o5iV0W9rbuTMTckXmMbRnyMF,E5PYWY39PNHTN
256,Oinking Cow,1.0,2018-03-30T20:51:33Z,995,o5iV0W9rbuTMTckXmMbRnyMF,E5PYWY39PNHTN
257,Sam Adams Seasonal (draft),1.0,2018-03-30T20:51:33Z,775,o5iV0W9rbuTMTckXmMbRnyMF,E5PYWY39PNHTN
258,Stella Artois,1.0,2018-03-30T20:51:33Z,775,o5iV0W9rbuTMTckXmMbRnyMF,E5PYWY39PNHTN
259,Oinking Cow,1.0,2018-03-30T21:08:56Z,995,fBgIePncsANx2V6aND61vxMF,E5PYWY39PNHTN
260,Small Fry,1.0,2018-03-30T21:08:56Z,445,fBgIePncsANx2V6aND61vxMF,E5PYWY39PNHTN
261,Blue Moon (draft),1.0,2018-03-30T21:08:56Z,775,fBgIePncsANx2V6aND61vxMF,E5PYWY39PNHTN
262,Corona,1.0,2018-03-30T21:08:56Z,775,fBgIePncsANx2V6aND61vxMF,E5PYWY39PNHTN
263,Avocado BLT,1.0,2018-03-30T21:08:56Z,695,fBgIePncsANx2V6aND61vxMF,E5PYWY39PNHTN
264,19 W Cheeseburger,1.0,2018-03-30T22:03:31Z,745,FC1MH0DJyIcTtGJraIb1NvMF,E5PYWY39PNHTN
265,Large Fry,1.0,2018-03-30T22:03:31Z,595,FC1MH0DJyIcTtGJraIb1NvMF,E5PYWY39PNHTN
266,19 W Cheeseburger,1.0,2018-03-30T22:03:31Z,745,FC1MH0DJyIcTtGJraIb1NvMF,E5PYWY39PNHTN
267,19 W Cheeseburger,1.0,2018-03-30T22:09:03Z,745,3hcdtQ2UtOEx6tkGiMUjGtMF,E5PYWY39PNHTN
268,Small Fry,1.0,2018-03-30T22:09:03Z,445,3hcdtQ2UtOEx6tkGiMUjGtMF,E5PYWY39PNHTN
269,Rise and Shine,1.0,2018-03-30T22:17:54Z,1245,4mAl5BwJCAi6m4LinTZ1mxMF,E5PYWY39PNHTN
270,Shroomer,1.0,2018-03-30T22:17:54Z,995,4mAl5BwJCAi6m4LinTZ1mxMF,E5PYWY39PNHTN
271,Large Fry,1.0,2018-03-30T22:17:54Z,595,4mAl5BwJCAi6m4LinTZ1mxMF,E5PYWY39PNHTN
272,19 W Cheeseburger,1.0,2018-03-30T22:26:45Z,745,tDH8u2Jb2oOwredPgxY5JQB,E5PYWY39PNHTN
273,Caesar Burger,1.0,2018-03-30T22:26:45Z,695,tDH8u2Jb2oOwredPgxY5JQB,E5PYWY39PNHTN
274,Oinking Cow,1.0,2018-03-30T22:26:45Z,995,tDH8u2Jb2oOwredPgxY5JQB,E5PYWY39PNHTN
275,Large Fry,1.0,2018-03-30T22:26:45Z,595,tDH8u2Jb2oOwredPgxY5JQB,E5PYWY39PNHTN
276,Rise and Shine,2.0,2018-03-30T22:28:09Z,1245,aRWOAKKC0svk4I3TnWVlZtMF,E5PYWY39PNHTN
277,Large Fry,1.0,2018-03-30T22:28:09Z,595,aRWOAKKC0svk4I3TnWVlZtMF,E5PYWY39PNHTN
278,Lagunitas IPA,2.0,2018-03-30T22:28:09Z,775,aRWOAKKC0svk4I3TnWVlZtMF,E5PYWY39PNHTN
279,19 W Cheeseburger,1.0,2018-03-30T22:46:58Z,745,lJjBYsQnbfLiuy0bkwKMayMF,E5PYWY39PNHTN
280,Rise and Shine,1.0,2018-03-30T22:46:58Z,1245,lJjBYsQnbfLiuy0bkwKMayMF,E5PYWY39PNHTN
281,Dr. Pepper,1.0,2018-03-30T22:46:58Z,200,lJjBYsQnbfLiuy0bkwKMayMF,E5PYWY39PNHTN
282,Small Fry,1.0,2018-03-30T22:46:58Z,445,lJjBYsQnbfLiuy0bkwKMayMF,E5PYWY39PNHTN
283,Oinking Cow,1.0,2018-03-30T22:53:41Z,995,opDhHdNeGABRVwMAELEfAtMF,E5PYWY39PNHTN
284,Large Fry,1.0,2018-03-30T22:53:41Z,595,opDhHdNeGABRVwMAELEfAtMF,E5PYWY39PNHTN
285,Single Dip,1.0,2018-03-30T22:53:41Z,100,opDhHdNeGABRVwMAELEfAtMF,E5PYWY39PNHTN
286,Oinking Cow,1.0,2018-03-30T23:03:03Z,995,JZ38bgJIvH7g7pS7fNozJQB,E5PYWY39PNHTN
287,Coca Cola,1.0,2018-03-30T23:03:03Z,300,JZ38bgJIvH7g7pS7fNozJQB,E5PYWY39PNHTN
288,Coca Cola,1.0,2018-03-30T23:04:21Z,300,t661yohv5PD6HJrQPVAtcwMF,E5PYWY39PNHTN
289,Miller Lite,1.0,2018-03-30T23:04:21Z,575,t661yohv5PD6HJrQPVAtcwMF,E5PYWY39PNHTN
290,19 W Cheeseburger,1.0,2018-03-30T23:10:28Z,745,xd8ifzcttXuywY9KNJfh8sMF,E5PYWY39PNHTN
291,Caesar Burger,1.0,2018-03-30T23:10:28Z,695,xd8ifzcttXuywY9KNJfh8sMF,E5PYWY39PNHTN
292,Coca Cola,2.0,2018-03-30T23:10:28Z,300,xd8ifzcttXuywY9KNJfh8sMF,E5PYWY39PNHTN
293,19 W Cheeseburger,1.0,2018-03-30T23:16:15Z,745,zfbWWw4RvZdra34b7fvEPwMF,E5PYWY39PNHTN
294,Small Fry,1.0,2018-03-30T23:16:15Z,445,zfbWWw4RvZdra34b7fvEPwMF,E5PYWY39PNHTN
295,Oinking Cow,1.0,2018-03-30T23:16:15Z,995,zfbWWw4RvZdra34b7fvEPwMF,E5PYWY39PNHTN
296,Small Fry,1.0,2018-03-30T23:16:15Z,445,zfbWWw4RvZdra34b7fvEPwMF,E5PYWY39PNHTN
297,Lagunitas IPA,1.0,2018-03-30T23:16:15Z,775,zfbWWw4RvZdra34b7fvEPwMF,E5PYWY39PNHTN
298,Coca Cola,1.0,2018-03-30T23:16:15Z,200,zfbWWw4RvZdra34b7fvEPwMF,E5PYWY39PNHTN
299,19 W Cheeseburger,1.0,2018-03-30T23:18:22Z,745,SRrpqruWJvs2UXB36f8VrtMF,E5PYWY39PNHTN
300,Small Fry,1.0,2018-03-30T23:18:22Z,445,SRrpqruWJvs2UXB36f8VrtMF,E5PYWY39PNHTN
301,19 W Cheeseburger,1.0,2018-03-30T23:18:22Z,745,SRrpqruWJvs2UXB36f8VrtMF,E5PYWY39PNHTN
302,Small Fry,1.0,2018-03-30T23:18:22Z,445,SRrpqruWJvs2UXB36f8VrtMF,E5PYWY39PNHTN
303,Coca Cola,1.0,2018-03-30T23:18:22Z,200,SRrpqruWJvs2UXB36f8VrtMF,E5PYWY39PNHTN
304,Miller Lite,1.0,2018-03-30T23:18:22Z,575,SRrpqruWJvs2UXB36f8VrtMF,E5PYWY39PNHTN
305,19 W Cheeseburger,1.0,2018-03-30T23:22:51Z,745,ciUzvy0pnIehllTBCbzjetMF,E5PYWY39PNHTN
306,Large Fry,1.0,2018-03-30T23:22:51Z,595,ciUzvy0pnIehllTBCbzjetMF,E5PYWY39PNHTN
307,19 W Cheeseburger,1.0,2018-03-30T23:44:13Z,745,3gBT6SLlquhRIbsdB8dKKQB,E5PYWY39PNHTN
308,Theta Burger,1.0,2018-03-30T23:48:55Z,749,Z9JiztM3fYWSHawLv3EvKQB,E5PYWY39PNHTN
309,Oinking Cow,1.0,2018-03-30T23:48:55Z,995,Z9JiztM3fYWSHawLv3EvKQB,E5PYWY39PNHTN
310,Large Fry,1.0,2018-03-30T23:48:55Z,595,Z9JiztM3fYWSHawLv3EvKQB,E5PYWY39PNHTN
311,19 W Cheeseburger,1.0,2018-03-30T23:51:07Z,745,pZ7Q4rdMAs9K87mpQgnhLQB,E5PYWY39PNHTN
312,Small Fry,1.0,2018-03-30T23:51:07Z,445,pZ7Q4rdMAs9K87mpQgnhLQB,E5PYWY39PNHTN
313,Large Fry,1.0,2018-03-30T23:52:55Z,595,fYkCuvut89oYVRyGbyOyxwMF,E5PYWY39PNHTN
314,Lagunitas IPA,1.0,2018-03-31T00:06:18Z,775,PENFtFbWyI9Q70EmAWOCKQB,E5PYWY39PNHTN
315,Miller Lite,1.0,2018-03-31T00:06:18Z,575,PENFtFbWyI9Q70EmAWOCKQB,E5PYWY39PNHTN
316,Large Fry,1.0,2018-03-31T00:08:35Z,595,l75uOYNYlJV7PFkBU7xwJQB,E5PYWY39PNHTN
